icd10 chapter,target,prevalence,time_stamp,recall,precision,f1-score,pr_auc,roc_auc,random_seed,target_label,training_percentage
Certain infectious and parasitic diseases,1,0.088706761480053,05-09-2023-04-14-45,0.0,0.0,0.0,0.1209534861674636,0.663098804279421,1,1,1.0
Certain infectious and parasitic diseases,1,0.088706761480053,05-09-2023-20-52-12,0.0,0.0,0.0,0.11700204261666075,0.6216840780365009,1,1,0.5
Certain infectious and parasitic diseases,1,0.088706761480053,05-10-2023-18-25-08,0.0,0.0,0.0,0.07184101460783013,0.4934600377595972,0,1,0.1
Certain infectious and parasitic diseases,1,0.088706761480053,05-09-2023-07-55-12,0.0,0.0,0.0,0.12025177870991016,0.6501900566393958,2,1,1.0
Certain infectious and parasitic diseases,1,0.088706761480053,05-10-2023-03-32-48,0.0,0.0,0.0,0.12061184919726659,0.6511869100062933,4,1,0.5
Certain infectious and parasitic diseases,1,0.088706761480053,05-10-2023-20-31-38,0.0,0.0,0.0,0.06776781954353087,0.4692813089993707,4,1,0.1
Certain infectious and parasitic diseases,1,0.088706761480053,05-09-2023-11-44-12,0.0,0.0,0.0,0.11089732122307885,0.659921963499056,3,1,1.0
Certain infectious and parasitic diseases,1,0.088706761480053,05-10-2023-01-12-25,0.0,0.0,0.0,0.1265230161934718,0.6786003775959722,3,1,0.5
Certain infectious and parasitic diseases,1,0.088706761480053,05-10-2023-21-48-42,0.0,0.0,0.0,0.06761514552303816,0.4613517935808685,3,1,0.02
Certain infectious and parasitic diseases,1,0.088706761480053,05-09-2023-16-04-37,0.0,0.0,0.0,0.10827791799738357,0.6307765890497168,4,1,1.0
Certain infectious and parasitic diseases,1,0.088706761480053,05-10-2023-21-13-54,0.0,0.0,0.0,0.05047293690308731,0.3414348646947765,1,1,0.02
Certain infectious and parasitic diseases,1,0.088706761480053,05-09-2023-00-00-28,0.0,0.0,0.0,0.10846646810466694,0.5621699181875393,0,1,1.0
Certain infectious and parasitic diseases,1,0.088706761480053,05-10-2023-20-57-31,0.0,0.0,0.0,0.07779000881582113,0.49269225928256766,0,1,0.02
Certain infectious and parasitic diseases,1,0.088706761480053,05-10-2023-18-57-01,0.0,0.0,0.0,0.051993636162600734,0.36515040906230334,1,1,0.1
Certain infectious and parasitic diseases,1,0.088706761480053,05-10-2023-22-05-56,0.0,0.0,0.0,0.07315811408219233,0.4872146003775959,4,1,0.02
Certain infectious and parasitic diseases,1,0.088706761480053,05-10-2023-19-27-52,0.0,0.0,0.0,0.0983494738773389,0.5824543738200126,2,1,0.1
Certain infectious and parasitic diseases,1,0.088706761480053,05-09-2023-18-23-48,0.0,0.0,0.0,0.09875662174656014,0.5725915670232851,0,1,0.5
Certain infectious and parasitic diseases,1,0.088706761480053,05-10-2023-21-32-53,0.0,0.0,0.0,0.06286945601255467,0.44972183763373186,2,1,0.02
Certain infectious and parasitic diseases,1,0.088706761480053,05-10-2023-20-03-40,0.0,0.0,0.0,0.07884427442168235,0.44701825047199495,3,1,0.1
Certain infectious and parasitic diseases,1,0.088706761480053,05-09-2023-23-05-22,0.0,0.0,0.0,0.1020800301262878,0.5872523599748269,2,1,0.5
Neoplasms,2,0.1716282993853199,05-10-2023-18-12-25,0.0,0.0,0.0,0.18062232692136637,0.6015959449751501,0,2,0.1
Neoplasms,2,0.1716282993853199,05-09-2023-14-19-31,0.19844357976653695,0.4594594594594595,0.27717391304347827,0.3777665233817997,0.7815777315468861,4,2,1.0
Neoplasms,2,0.1716282993853199,05-09-2023-02-28-34,0.6264591439688716,0.6491935483870968,0.6376237623762376,0.6318526686334178,0.8830601764192186,1,2,1.0
Neoplasms,2,0.1716282993853199,05-10-2023-19-17-10,0.0,0.0,0.0,0.16970013675641044,0.5729298248893708,2,2,0.1
Neoplasms,2,0.1716282993853199,05-09-2023-06-23-32,0.3735408560311284,0.5,0.42761692650334077,0.4070261360684292,0.7967092981954819,2,2,1.0
Neoplasms,2,0.1716282993853199,05-09-2023-17-22-21,0.0,0.0,0.0,0.20896035270411475,0.6110177888043499,0,2,0.5
Neoplasms,2,0.1716282993853199,05-10-2023-20-22-16,0.0,0.0,0.0,0.17381584459772997,0.5847284944011066,4,2,0.1
Neoplasms,2,0.1716282993853199,05-10-2023-18-42-42,0.0,0.0,0.0,0.16063500557107652,0.564191652267732,1,2,0.1
Neoplasms,2,0.1716282993853199,05-09-2023-22-16-03,0.0,0.0,0.0,0.1890720456063188,0.6042184649979035,2,2,0.5
Neoplasms,2,0.1716282993853199,05-09-2023-09-59-59,0.0,0.0,0.0,0.20820527842233394,0.6484287579884044,3,2,1.0
Neoplasms,2,0.1716282993853199,05-10-2023-21-59-04,0.0038910505836575876,1.0,0.007751937984496124,0.17111400621883704,0.5684085149112429,4,2,0.02
Neoplasms,2,0.1716282993853199,05-10-2023-21-42-21,0.0,0.0,0.0,0.11307581093612717,0.3821668638452767,3,2,0.02
Neoplasms,2,0.1716282993853199,05-10-2023-20-50-54,0.0,0.0,0.0,0.16388271540949473,0.570829405339579,0,2,0.02
Neoplasms,2,0.1716282993853199,05-09-2023-19-53-07,0.0,0.0,0.0,0.17814351979752546,0.5726694423005536,1,2,0.5
Neoplasms,2,0.1716282993853199,05-10-2023-21-24-57,0.0,0.0,0.0,0.18172218033628654,0.5848780474777606,2,2,0.02
Neoplasms,2,0.1716282993853199,05-10-2023-19-48-31,0.0,0.0,0.0,0.1377661419426503,0.41927205039938686,3,2,0.1
Neoplasms,2,0.1716282993853199,05-10-2023-02-37-41,0.0,0.0,0.0,0.22441492192494472,0.6631690831061106,4,2,0.5
Neoplasms,2,0.1716282993853199,05-08-2023-22-20-07,0.0,0.0,0.0,0.19766942613226907,0.629340711285115,0,2,1.0
Neoplasms,2,0.1716282993853199,05-10-2023-21-07-50,0.0,0.0,0.0,0.11070083019983465,0.3634593763102585,1,2,0.02
Neoplasms,2,0.1716282993853199,05-10-2023-00-19-12,0.0,0.0,0.0,0.2008423484387664,0.6147672980833171,3,2,0.5
Diseases of the blood and blood-forming organs and certain disorders involving the immune mechanism,3,0.0971435458599493,05-10-2023-21-31-56,0.0,0.0,0.0,0.10536971985623791,0.5272142655523238,2,3,0.02
Diseases of the blood and blood-forming organs and certain disorders involving the immune mechanism,3,0.0971435458599493,05-10-2023-19-26-05,0.0,0.0,0.0,0.10435276103538554,0.5285519678951438,2,3,0.1
Diseases of the blood and blood-forming organs and certain disorders involving the immune mechanism,3,0.0971435458599493,05-10-2023-18-55-50,0.0,0.0,0.0,0.0879955741688687,0.4202737585345,1,3,0.1
Diseases of the blood and blood-forming organs and certain disorders involving the immune mechanism,3,0.0971435458599493,05-09-2023-03-58-16,0.0,0.0,0.0,0.13739268331874482,0.6098040900146862,1,3,1.0
Diseases of the blood and blood-forming organs and certain disorders involving the immune mechanism,3,0.0971435458599493,05-08-2023-23-51-50,0.0,0.0,0.0,0.14246312496282462,0.5837045764147122,0,3,1.0
Diseases of the blood and blood-forming organs and certain disorders involving the immune mechanism,3,0.0971435458599493,05-09-2023-07-42-46,0.0,0.0,0.0,0.1310035363466762,0.5993274670790226,2,3,1.0
Diseases of the blood and blood-forming organs and certain disorders involving the immune mechanism,3,0.0971435458599493,05-10-2023-20-56-50,0.0,0.0,0.0,0.10191587551989874,0.5187707865444326,0,3,0.02
Diseases of the blood and blood-forming organs and certain disorders involving the immune mechanism,3,0.0971435458599493,05-09-2023-15-56-15,0.0,0.0,0.0,0.15610905382018037,0.6142917336540547,4,3,1.0
Diseases of the blood and blood-forming organs and certain disorders involving the immune mechanism,3,0.0971435458599493,05-10-2023-20-02-01,0.0,0.0,0.0,0.12692893137552066,0.6199084471607575,3,3,0.1
Diseases of the blood and blood-forming organs and certain disorders involving the immune mechanism,3,0.0971435458599493,05-10-2023-22-05-15,0.0,0.0,0.0,0.098438371815817,0.5058601180614362,4,3,0.02
Diseases of the blood and blood-forming organs and certain disorders involving the immune mechanism,3,0.0971435458599493,05-09-2023-18-17-48,0.0,0.0,0.0,0.1226830930922613,0.5567378062499745,0,3,0.5
Diseases of the blood and blood-forming organs and certain disorders involving the immune mechanism,3,0.0971435458599493,05-09-2023-20-43-42,0.0,0.0,0.0,0.12442979611969246,0.5562100888119812,1,3,0.5
Diseases of the blood and blood-forming organs and certain disorders involving the immune mechanism,3,0.0971435458599493,05-10-2023-03-25-12,0.0,0.0,0.0,0.12269401129563537,0.5734693126173558,4,3,0.5
Diseases of the blood and blood-forming organs and certain disorders involving the immune mechanism,3,0.0971435458599493,05-09-2023-11-29-49,0.0,0.0,0.0,0.11926321197458171,0.5631440504972407,3,3,1.0
Diseases of the blood and blood-forming organs and certain disorders involving the immune mechanism,3,0.0971435458599493,05-10-2023-18-22-55,0.0,0.0,0.0,0.10082050382914233,0.5166640076253124,0,3,0.1
Diseases of the blood and blood-forming organs and certain disorders involving the immune mechanism,3,0.0971435458599493,05-10-2023-01-04-56,0.0,0.0,0.0,0.13560406273408943,0.6202029871261491,3,3,0.5
Diseases of the blood and blood-forming organs and certain disorders involving the immune mechanism,3,0.0971435458599493,05-09-2023-23-00-42,0.0,0.0,0.0,0.15276932573720675,0.6139726486915471,2,3,0.5
Diseases of the blood and blood-forming organs and certain disorders involving the immune mechanism,3,0.0971435458599493,05-10-2023-21-13-13,0.0,0.0,0.0,0.0766633904768758,0.39187315145490464,1,3,0.02
Diseases of the blood and blood-forming organs and certain disorders involving the immune mechanism,3,0.0971435458599493,05-10-2023-21-47-59,0.0,0.0,0.0,0.07839863186911741,0.4229839352993876,3,3,0.02
Diseases of the blood and blood-forming organs and certain disorders involving the immune mechanism,3,0.0971435458599493,05-10-2023-20-30-41,0.0,0.0,0.0,0.11012755623732923,0.5223748102876264,4,3,0.1
"Endocrine, nutritional and metabolic diseases",4,0.2811859708328311,05-10-2023-18-39-38,0.01079913606911447,0.3125,0.020876826722338204,0.32101458253464205,0.5701132398616744,1,4,0.1
"Endocrine, nutritional and metabolic diseases",4,0.2811859708328311,05-10-2023-19-46-23,0.12311015118790497,0.41911764705882354,0.1903171953255426,0.36218262201247176,0.6173825518418958,3,4,0.1
"Endocrine, nutritional and metabolic diseases",4,0.2811859708328311,05-09-2023-22-03-03,0.04967602591792657,0.3898305084745763,0.08812260536398468,0.3491189905583505,0.5843049102834363,2,4,0.5
"Endocrine, nutritional and metabolic diseases",4,0.2811859708328311,05-10-2023-20-20-07,0.038876889848812095,0.375,0.07045009784735812,0.2992625405386021,0.5277851153202708,4,4,0.1
"Endocrine, nutritional and metabolic diseases",4,0.2811859708328311,05-10-2023-20-49-34,0.2224622030237581,0.27540106951871657,0.24611708482676228,0.2854010418463293,0.5202593864433291,0,4,0.02
"Endocrine, nutritional and metabolic diseases",4,0.2811859708328311,05-10-2023-02-26-19,0.0,0.0,0.0,0.3473467450226993,0.5959845514517113,4,4,0.5
"Endocrine, nutritional and metabolic diseases",4,0.2811859708328311,05-10-2023-19-15-26,0.004319654427645789,0.3333333333333333,0.008528784648187633,0.27760443487588665,0.5077941966081563,2,4,0.1
"Endocrine, nutritional and metabolic diseases",4,0.2811859708328311,05-09-2023-17-09-28,0.0,0.0,0.0,0.35130276032030383,0.6011501813667857,0,4,0.5
"Endocrine, nutritional and metabolic diseases",4,0.2811859708328311,05-09-2023-13-51-43,0.04319654427645788,0.47619047619047616,0.0792079207920792,0.3994091819243848,0.6809947290547692,4,4,1.0
"Endocrine, nutritional and metabolic diseases",4,0.2811859708328311,05-09-2023-19-44-04,0.01079913606911447,0.38461538461538464,0.021008403361344536,0.37554105996459974,0.6434006142817927,1,4,0.5
"Endocrine, nutritional and metabolic diseases",4,0.2811859708328311,05-10-2023-21-57-43,0.012958963282937365,0.2727272727272727,0.024742268041237112,0.2868017808112905,0.5158119724522757,4,4,0.02
"Endocrine, nutritional and metabolic diseases",4,0.2811859708328311,05-09-2023-02-08-33,0.04319654427645788,0.5263157894736842,0.07984031936127743,0.428476517900297,0.7072389604515092,1,4,1.0
"Endocrine, nutritional and metabolic diseases",4,0.2811859708328311,05-08-2023-21-57-25,0.7257019438444925,0.8337468982630273,0.7759815242494226,0.8651332602593113,0.915409357179483,0,4,1.0
"Endocrine, nutritional and metabolic diseases",4,0.2811859708328311,05-10-2023-00-06-20,0.0,0.0,0.0,0.3148855441456686,0.5480833475767982,3,4,0.5
"Endocrine, nutritional and metabolic diseases",4,0.2811859708328311,05-10-2023-21-23-18,0.0064794816414686825,0.23076923076923078,0.012605042016806723,0.2768615490842622,0.5038647267930796,2,4,0.02
"Endocrine, nutritional and metabolic diseases",4,0.2811859708328311,05-10-2023-21-06-32,0.0,0.0,0.0,0.3080973529868679,0.562359615547303,1,4,0.02
"Endocrine, nutritional and metabolic diseases",4,0.2811859708328311,05-10-2023-18-08-10,0.06047516198704104,0.39436619718309857,0.1048689138576779,0.3052171155970857,0.5402969201312816,0,4,0.1
"Endocrine, nutritional and metabolic diseases",4,0.2811859708328311,05-09-2023-06-05-53,0.4038876889848812,0.4617283950617284,0.4308755760368663,0.4346799546264073,0.7134387522379505,2,4,1.0
"Endocrine, nutritional and metabolic diseases",4,0.2811859708328311,05-09-2023-09-45-10,0.21814254859611232,0.5343915343915344,0.3098159509202454,0.4871886532210403,0.7763983197890931,3,4,1.0
"Endocrine, nutritional and metabolic diseases",4,0.2811859708328311,05-10-2023-21-40-59,0.0,0.0,0.0,0.26261540536151196,0.49192611353681637,3,4,0.02
"Mental, Behavioral and Neurodevelopmental disorders",5,0.16813306014222,05-10-2023-21-59-47,0.0,0.0,0.0,0.11960908797960418,0.5341627593066212,4,5,0.02
"Mental, Behavioral and Neurodevelopmental disorders",5,0.16813306014222,05-09-2023-17-24-25,0.0,0.0,0.0,0.14686547061858862,0.6011118215402103,0,5,0.5
"Mental, Behavioral and Neurodevelopmental disorders",5,0.16813306014222,05-10-2023-21-25-48,0.0,0.0,0.0,0.11927899697541981,0.5420112247797669,2,5,0.02
"Mental, Behavioral and Neurodevelopmental disorders",5,0.16813306014222,05-10-2023-20-23-13,0.005434782608695652,0.06666666666666667,0.010050251256281407,0.12967707032612136,0.5559605001420858,4,5,0.1
"Mental, Behavioral and Neurodevelopmental disorders",5,0.16813306014222,05-10-2023-00-25-23,0.0,0.0,0.0,0.15668357124019375,0.6216858482523444,3,5,0.5
"Mental, Behavioral and Neurodevelopmental disorders",5,0.16813306014222,05-09-2023-10-07-22,0.0,0.0,0.0,0.16508640821117274,0.6349389030974708,3,5,1.0
"Mental, Behavioral and Neurodevelopmental disorders",5,0.16813306014222,05-09-2023-19-56-03,0.0,0.0,0.0,0.14775486459564874,0.6172634271099744,1,5,0.5
"Mental, Behavioral and Neurodevelopmental disorders",5,0.16813306014222,05-10-2023-20-51-33,0.0,0.0,0.0,0.12304461527151839,0.5367291844273941,0,5,0.02
"Mental, Behavioral and Neurodevelopmental disorders",5,0.16813306014222,05-10-2023-21-43-19,0.0,0.0,0.0,0.11546969856695183,0.4827010514350668,3,5,0.02
"Mental, Behavioral and Neurodevelopmental disorders",5,0.16813306014222,05-09-2023-06-35-58,0.05434782608695652,0.47619047619047616,0.09756097560975609,0.2226814175044069,0.6838519465757317,2,5,1.0
"Mental, Behavioral and Neurodevelopmental disorders",5,0.16813306014222,05-10-2023-19-18-07,0.0,0.0,0.0,0.13351918823239034,0.579656862745098,2,5,0.1
"Mental, Behavioral and Neurodevelopmental disorders",5,0.16813306014222,05-09-2023-22-20-43,0.0,0.0,0.0,0.1619096061882746,0.6451229042341574,2,5,0.5
"Mental, Behavioral and Neurodevelopmental disorders",5,0.16813306014222,05-09-2023-02-41-41,0.0,0.0,0.0,0.18715783858001678,0.6975987496447854,1,5,1.0
"Mental, Behavioral and Neurodevelopmental disorders",5,0.16813306014222,05-10-2023-21-08-28,0.0,0.0,0.0,0.10120355254777422,0.4336246092639954,1,5,0.02
"Mental, Behavioral and Neurodevelopmental disorders",5,0.16813306014222,05-08-2023-22-28-40,0.0,0.0,0.0,0.1471119098238232,0.6097151179312305,0,5,1.0
"Mental, Behavioral and Neurodevelopmental disorders",5,0.16813306014222,05-10-2023-02-39-46,0.0,0.0,0.0,0.14652450613828297,0.5937162546177892,4,5,0.5
"Mental, Behavioral and Neurodevelopmental disorders",5,0.16813306014222,05-09-2023-14-34-09,0.10869565217391304,0.625,0.18518518518518517,0.3624017131000934,0.7773302074452971,4,5,1.0
"Mental, Behavioral and Neurodevelopmental disorders",5,0.16813306014222,05-10-2023-18-13-36,0.0,0.0,0.0,0.13688316929443162,0.5781667377095766,0,5,0.1
"Mental, Behavioral and Neurodevelopmental disorders",5,0.16813306014222,05-10-2023-19-49-49,0.0,0.0,0.0,0.14393111932770156,0.6105001420858199,3,5,0.1
"Mental, Behavioral and Neurodevelopmental disorders",5,0.16813306014222,05-10-2023-18-43-41,0.0,0.0,0.0,0.12682010960035006,0.5447428246660982,1,5,0.1
Diseases of the nervous system,6,0.1628299385319995,05-10-2023-19-19-15,0.005714285714285714,0.1111111111111111,0.010869565217391306,0.10634400802360913,0.4942727188341224,2,6,0.1
Diseases of the nervous system,6,0.1628299385319995,05-09-2023-02-50-06,0.0,0.0,0.0,0.11970197239602104,0.5510554163185742,1,6,1.0
Diseases of the nervous system,6,0.1628299385319995,05-10-2023-18-45-14,0.0,0.0,0.0,0.09984338414170768,0.4904576255453449,1,6,0.1
Diseases of the nervous system,6,0.1628299385319995,05-10-2023-22-00-39,0.022857142857142857,0.18181818181818182,0.04060913705583756,0.09512221423233082,0.46705281722825587,4,6,0.02
Diseases of the nervous system,6,0.1628299385319995,05-09-2023-10-17-37,0.0,0.0,0.0,0.17710224380491413,0.7210136452241716,3,6,1.0
Diseases of the nervous system,6,0.1628299385319995,05-10-2023-21-43-55,0.0,0.0,0.0,0.101513374188307,0.47771280051981807,3,6,0.02
Diseases of the nervous system,6,0.1628299385319995,05-10-2023-00-32-08,0.0,0.0,0.0,0.11858746920807064,0.523932052353105,3,6,0.5
Diseases of the nervous system,6,0.1628299385319995,05-10-2023-19-51-58,0.0,0.0,0.0,0.09559134238533919,0.474307992202729,3,6,0.1
Diseases of the nervous system,6,0.1628299385319995,05-10-2023-18-14-26,0.0,0.0,0.0,0.09577464344180218,0.48676506080014853,0,6,0.1
Diseases of the nervous system,6,0.1628299385319995,05-09-2023-20-00-32,0.0,0.0,0.0,0.164651752034205,0.6708289241622576,1,6,0.5
Diseases of the nervous system,6,0.1628299385319995,05-10-2023-20-24-01,0.005714285714285714,0.5,0.01129943502824859,0.10142365652904962,0.48147405550914324,4,6,0.1
Diseases of the nervous system,6,0.1628299385319995,05-10-2023-02-47-22,0.0,0.0,0.0,0.10819991020930553,0.5113747331291191,4,6,0.5
Diseases of the nervous system,6,0.1628299385319995,05-09-2023-17-32-49,0.0,0.0,0.0,0.10630673774841484,0.5139961013645225,0,6,0.5
Diseases of the nervous system,6,0.1628299385319995,05-10-2023-21-09-02,0.0,0.0,0.0,0.10143933673480089,0.47607537361923336,1,6,0.02
Diseases of the nervous system,6,0.1628299385319995,05-08-2023-22-38-40,0.0,0.0,0.0,0.12086425104032171,0.5430687830687831,0,6,1.0
Diseases of the nervous system,6,0.1628299385319995,05-09-2023-06-43-35,0.0,0.0,0.0,0.14642362004845325,0.6080051981806368,2,6,1.0
Diseases of the nervous system,6,0.1628299385319995,05-09-2023-22-25-58,0.0,0.0,0.0,0.15095008083836103,0.6384999535876729,2,6,0.5
Diseases of the nervous system,6,0.1628299385319995,05-09-2023-14-50-22,0.0,0.0,0.0,0.30103754250214254,0.7682985240879977,4,6,1.0
Diseases of the nervous system,6,0.1628299385319995,05-10-2023-20-52-16,0.0,0.0,0.0,0.09524014948673135,0.48240972802376314,0,6,0.02
Diseases of the nervous system,6,0.1628299385319995,05-10-2023-21-26-33,0.0,0.0,0.0,0.10098037954873082,0.4838893530121601,2,6,0.02
Diseases of the eye and adnexa,7,0.0419428709171989,05-10-2023-21-00-37,0.0,0.0,0.0,0.37768164444013674,0.7840361136760028,0,7,0.02
Diseases of the eye and adnexa,7,0.0419428709171989,05-10-2023-01-42-42,0.0,0.0,0.0,0.44999405934430237,0.8085346773366164,3,7,0.5
Diseases of the eye and adnexa,7,0.0419428709171989,05-10-2023-21-35-48,0.0,0.0,0.0,0.34260094689448745,0.7607392018056839,2,7,0.02
Diseases of the eye and adnexa,7,0.0419428709171989,05-10-2023-22-09-31,0.0,0.0,0.0,0.4669244704896446,0.8189417256591771,4,7,0.02
Diseases of the eye and adnexa,7,0.0419428709171989,05-10-2023-21-17-16,0.0,0.0,0.0,0.42895494555330665,0.8142928593413359,1,7,0.02
Diseases of the eye and adnexa,7,0.0419428709171989,05-09-2023-23-27-35,0.0,0.0,0.0,0.510064330952571,0.8383169180260593,2,7,0.5
Diseases of the eye and adnexa,7,0.0419428709171989,05-10-2023-21-51-47,0.0,0.0,0.0,0.20696622827583533,0.6402098081460962,3,7,0.02
Diseases of the eye and adnexa,7,0.0419428709171989,05-10-2023-19-04-43,0.0,0.0,0.0,0.44297196692845203,0.8211385554529599,1,7,0.1
Diseases of the eye and adnexa,7,0.0419428709171989,05-09-2023-18-55-11,0.0,0.0,0.0,0.4140911530165428,0.7959166923155843,0,7,0.5
Diseases of the eye and adnexa,7,0.0419428709171989,05-10-2023-03-57-49,0.0,0.0,0.0,0.4934319121803573,0.8275725864368525,4,7,0.5
Diseases of the eye and adnexa,7,0.0419428709171989,05-10-2023-18-29-56,0.0,0.0,0.0,0.35841423824745267,0.7743254334667076,0,7,0.1
Diseases of the eye and adnexa,7,0.0419428709171989,05-10-2023-19-34-03,0.0,0.0,0.0,0.3621426389976443,0.7694008412844978,2,7,0.1
Diseases of the eye and adnexa,7,0.0419428709171989,05-10-2023-09-48-46,0.0,0.0,0.0,0.47231681466340925,0.818515953626757,4,7,1.0
Diseases of the eye and adnexa,7,0.0419428709171989,05-09-2023-21-19-58,0.0,0.0,0.0,0.5127443032209641,0.8384579870729455,1,7,0.5
Diseases of the eye and adnexa,7,0.0419428709171989,05-10-2023-20-10-02,0.0,0.0,0.0,0.23849618449539128,0.7012516671796449,3,7,0.1
Diseases of the eye and adnexa,7,0.0419428709171989,05-09-2023-12-33-23,0.0,0.0,0.0,0.3958848537701323,0.7878757566430696,3,7,1.0
Diseases of the eye and adnexa,7,0.0419428709171989,05-09-2023-08-37-47,0.0,0.0,0.0,0.5091390674774962,0.8324984610649431,2,7,1.0
Diseases of the eye and adnexa,7,0.0419428709171989,05-09-2023-04-59-40,0.0,0.0,0.0,0.5094524173225089,0.8319688109161792,1,7,1.0
Diseases of the eye and adnexa,7,0.0419428709171989,05-09-2023-00-48-23,0.0,0.0,0.0,0.43959075021224964,0.803808864265928,0,7,1.0
Diseases of the eye and adnexa,7,0.0419428709171989,05-10-2023-20-39-34,0.0,0.0,0.0,0.4581343487188421,0.825071816969324,4,7,0.1
Diseases of the ear and mastoid process,8,0.0132578040255514,05-10-2023-22-12-19,0.0,0.0,0.0,0.007205928184443386,0.49182334508421466,4,8,0.02
Diseases of the ear and mastoid process,8,0.0132578040255514,05-10-2023-20-45-25,0.0,0.0,0.0,0.005283946513213173,0.4009498629063846,4,8,0.1
Diseases of the ear and mastoid process,8,0.0132578040255514,05-10-2023-18-33-52,0.0,0.0,0.0,0.007620535638436351,0.5323638856247552,0,8,0.1
Diseases of the ear and mastoid process,8,0.0132578040255514,05-10-2023-21-20-14,0.0,0.0,0.0,0.0039661487036134575,0.19854093223658442,1,8,0.02
Diseases of the ear and mastoid process,8,0.0132578040255514,05-09-2023-09-15-08,0.0,0.0,0.0,0.010847564417626675,0.5865158636897768,2,8,1.0
Diseases of the ear and mastoid process,8,0.0132578040255514,05-09-2023-19-20-22,0.0,0.0,0.0,0.011373454906681886,0.5953779866823345,0,8,0.5
Diseases of the ear and mastoid process,8,0.0132578040255514,05-09-2023-23-46-20,0.0,0.0,0.0,0.008662375264018984,0.5712886799843322,2,8,0.5
Diseases of the ear and mastoid process,8,0.0132578040255514,05-10-2023-19-10-03,0.0,0.0,0.0,0.004480948238132614,0.28466509988249117,1,8,0.1
Diseases of the ear and mastoid process,8,0.0132578040255514,05-10-2023-21-54-12,0.0,0.0,0.0,0.00611419494030349,0.34860947904426165,3,8,0.02
Diseases of the ear and mastoid process,8,0.0132578040255514,05-09-2023-13-15-00,0.0,0.0,0.0,0.005964823529763135,0.45970426948687815,3,8,1.0
Diseases of the ear and mastoid process,8,0.0132578040255514,05-10-2023-10-00-06,0.0,0.0,0.0,0.009493093325000994,0.5603701527614571,4,8,1.0
Diseases of the ear and mastoid process,8,0.0132578040255514,05-10-2023-19-39-29,0.0,0.0,0.0,0.006019293770429224,0.45906776341558947,2,8,0.1
Diseases of the ear and mastoid process,8,0.0132578040255514,05-10-2023-20-15-28,0.0,0.0,0.0,0.005527723735471894,0.3149236192714453,3,8,0.1
Diseases of the ear and mastoid process,8,0.0132578040255514,05-10-2023-21-03-33,0.0,0.0,0.0,0.006146015853899459,0.46827262044653345,0,8,0.02
Diseases of the ear and mastoid process,8,0.0132578040255514,05-09-2023-21-44-48,0.0,0.0,0.0,0.0074110381872916145,0.48398942420681546,1,8,0.5
Diseases of the ear and mastoid process,8,0.0132578040255514,05-09-2023-01-30-28,0.0,0.0,0.0,0.0076941876679979294,0.5340775558166863,0,8,1.0
Diseases of the ear and mastoid process,8,0.0132578040255514,05-10-2023-02-04-07,0.0,0.0,0.0,0.004934143767963772,0.36266157461809634,3,8,0.5
Diseases of the ear and mastoid process,8,0.0132578040255514,05-09-2023-05-33-02,0.0,0.0,0.0,0.006500089025627846,0.49358597728162945,1,8,1.0
Diseases of the circulatory system,9,0.2945643003495239,05-10-2023-19-44-13,0.0,0.0,0.0,0.43362605188867087,0.7556278565342011,3,9,0.1
Diseases of the circulatory system,9,0.2945643003495239,05-10-2023-21-05-49,0.035897435897435895,0.3333333333333333,0.06481481481481481,0.3189941570011907,0.6662793399953522,1,9,0.02
Diseases of the circulatory system,9,0.2945643003495239,05-10-2023-18-38-28,0.020512820512820513,0.2962962962962963,0.03836930455635492,0.40655375813075967,0.7237566813850801,1,9,0.1
Diseases of the circulatory system,9,0.2945643003495239,05-10-2023-21-22-35,0.005128205128205128,0.2222222222222222,0.010025062656641603,0.3208140605382647,0.6568053296149973,2,9,0.02
Diseases of the circulatory system,9,0.2945643003495239,05-09-2023-09-39-03,0.5871794871794872,0.5948051948051948,0.590967741935484,0.589010842624995,0.847143465799055,3,9,1.0
Diseases of the circulatory system,9,0.2945643003495239,05-09-2023-13-43-19,0.8,0.7918781725888325,0.7959183673469389,0.8939944097080101,0.9481698814780385,4,9,1.0
Diseases of the circulatory system,9,0.2945643003495239,05-10-2023-21-40-21,0.0,0.0,0.0,0.16502298399848392,0.3171605081725928,3,9,0.02
Diseases of the circulatory system,9,0.2945643003495239,05-08-2023-21-43-21,0.20256410256410257,0.6030534351145038,0.3032629558541267,0.4812528673419447,0.7781722054380665,0,9,1.0
Diseases of the circulatory system,9,0.2945643003495239,05-09-2023-19-37-10,0.5153846153846153,0.7256317689530686,0.6026986506746626,0.6930798738513662,0.8757514137423504,1,9,0.5
Diseases of the circulatory system,9,0.2945643003495239,05-09-2023-17-05-00,0.06153846153846154,0.5454545454545454,0.11059907834101383,0.4748468558080703,0.780813773336432,0,9,0.5
Diseases of the circulatory system,9,0.2945643003495239,05-09-2023-21-59-35,0.11025641025641025,0.6231884057971014,0.18736383442265797,0.49850030790703115,0.7945096444341158,2,9,0.5
Diseases of the circulatory system,9,0.2945643003495239,05-10-2023-20-19-19,0.017948717948717947,0.30434782608695654,0.033898305084745756,0.35048500161346974,0.6771002788752034,4,9,0.1
Diseases of the circulatory system,9,0.2945643003495239,05-10-2023-21-57-02,0.6974358974358974,0.3300970873786408,0.4481054365733113,0.36923598395962076,0.6933738089704856,4,9,0.02
Diseases of the circulatory system,9,0.2945643003495239,05-10-2023-18-07-10,0.06666666666666667,0.4262295081967213,0.11529933481152993,0.41885379237125464,0.7429080486482299,0,9,0.1
Diseases of the circulatory system,9,0.2945643003495239,05-10-2023-19-14-29,0.015384615384615385,0.3157894736842105,0.0293398533007335,0.39316614768715025,0.7094159113796575,2,9,0.1
Diseases of the circulatory system,9,0.2945643003495239,05-09-2023-02-03-13,0.2794871794871795,0.5369458128078818,0.3676222596964587,0.4860760970172452,0.7821636067859633,1,9,1.0
Diseases of the circulatory system,9,0.2945643003495239,05-09-2023-05-58-09,0.5333333333333333,0.5959885386819485,0.5629228687415426,0.5582501589156984,0.8244790456270819,2,9,1.0
Diseases of the circulatory system,9,0.2945643003495239,05-10-2023-00-04-27,0.14615384615384616,0.5876288659793815,0.2340862422997947,0.47895201629305373,0.7826012859245487,3,9,0.5
Diseases of the circulatory system,9,0.2945643003495239,05-10-2023-20-48-53,0.441025641025641,0.3659574468085106,0.4,0.374227220853685,0.692789914013479,0,9,0.02
Diseases of the circulatory system,9,0.2945643003495239,05-10-2023-02-22-39,0.37948717948717947,0.6406926406926406,0.4766505636070853,0.5507575518370723,0.8194902781005501,4,9,0.5
Diseases of the respiratory system,10,0.1170302518982764,05-09-2023-17-55-40,0.0,0.0,0.0,0.17351149913642197,0.6721714475311436,0,10,0.5
Diseases of the respiratory system,10,0.1170302518982764,05-10-2023-22-02-53,0.011627906976744186,0.16666666666666666,0.02173913043478261,0.11094877847366347,0.5214912677585739,4,10,0.02
Diseases of the respiratory system,10,0.1170302518982764,05-09-2023-20-22-12,0.0,0.0,0.0,0.16740286577704738,0.6401796217536875,1,10,0.5
Diseases of the respiratory system,10,0.1170302518982764,05-10-2023-18-18-20,0.0,0.0,0.0,0.12505395146839227,0.5667285011914457,0,10,0.1
Diseases of the respiratory system,10,0.1170302518982764,05-10-2023-19-57-38,0.0,0.0,0.0,0.11370561354964381,0.5307249720990559,3,10,0.1
Diseases of the respiratory system,10,0.1170302518982764,05-10-2023-21-45-58,0.0,0.0,0.0,0.10274078065667276,0.43017977256960155,3,10,0.02
Diseases of the respiratory system,10,0.1170302518982764,05-10-2023-00-47-47,0.0,0.0,0.0,0.16051382713850995,0.6436408469821736,3,10,0.5
Diseases of the respiratory system,10,0.1170302518982764,05-08-2023-23-13-57,0.0,0.0,0.0,0.1761707692104859,0.6549671221307273,0,10,1.0
Diseases of the respiratory system,10,0.1170302518982764,05-09-2023-22-41-14,0.0,0.0,0.0,0.21601032560998454,0.7436544204144422,2,10,0.5
Diseases of the respiratory system,10,0.1170302518982764,05-10-2023-21-11-14,0.0,0.0,0.0,0.0677551855917128,0.309613760444002,1,10,0.02
Diseases of the respiratory system,10,0.1170302518982764,05-10-2023-03-03-59,0.0,0.0,0.0,0.17285027773229655,0.6403040448828161,4,10,0.5
Diseases of the respiratory system,10,0.1170302518982764,05-10-2023-20-54-24,0.0,0.0,0.0,0.11807867221349883,0.5495090941996199,0,10,0.02
Diseases of the respiratory system,10,0.1170302518982764,05-10-2023-21-29-19,0.0,0.0,0.0,0.09672574165678632,0.5110774288902965,2,10,0.02
Diseases of the respiratory system,10,0.1170302518982764,05-09-2023-07-14-56,0.0,0.0,0.0,0.16747902905188677,0.655389406690194,2,10,1.0
Diseases of the respiratory system,10,0.1170302518982764,05-10-2023-19-23-14,0.0,0.0,0.0,0.12600859634107278,0.5624830332096643,2,10,0.1
Diseases of the respiratory system,10,0.1170302518982764,05-09-2023-10-54-58,0.0,0.0,0.0,0.255953618054345,0.8034227671703918,3,10,1.0
Diseases of the respiratory system,10,0.1170302518982764,05-09-2023-15-17-01,0.0,0.0,0.0,0.21111713607783192,0.7624837872892347,4,10,1.0
Diseases of the respiratory system,10,0.1170302518982764,05-09-2023-03-28-10,0.0,0.0,0.0,0.1788262252835997,0.695438572678189,1,10,1.0
Diseases of the respiratory system,10,0.1170302518982764,05-10-2023-20-26-42,0.0,0.0,0.0,0.1177958726928316,0.5285004373661508,4,10,0.1
Diseases of the respiratory system,10,0.1170302518982764,05-10-2023-18-51-01,0.0,0.0,0.0,0.1368504527133183,0.568896479956565,1,10,0.1
Diseases of the digestive system,11,0.1602989032180306,05-10-2023-22-01-27,0.0,0.0,0.0,0.12093503148830376,0.4540798524927311,4,11,0.02
Diseases of the digestive system,11,0.1602989032180306,05-10-2023-19-20-07,0.0,0.0,0.0,0.13317521815982913,0.4877724984043685,2,11,0.1
Diseases of the digestive system,11,0.1602989032180306,05-09-2023-15-00-21,0.0,0.0,0.0,0.33199186828635485,0.7472916814410324,4,11,1.0
Diseases of the digestive system,11,0.1602989032180306,05-09-2023-20-05-53,0.0,0.0,0.0,0.16954227684473078,0.5676774696830013,1,11,0.5
Diseases of the digestive system,11,0.1602989032180306,05-09-2023-06-50-00,0.0,0.0,0.0,0.17095381501402368,0.5856932132472874,2,11,1.0
Diseases of the digestive system,11,0.1602989032180306,05-10-2023-21-09-47,0.0,0.0,0.0,0.11793710888417284,0.43624991135380464,1,11,0.02
Diseases of the digestive system,11,0.1602989032180306,05-10-2023-21-44-30,0.0,0.0,0.0,0.13191989540987825,0.484689029146869,3,11,0.02
Diseases of the digestive system,11,0.1602989032180306,05-10-2023-20-52-57,0.0,0.0,0.0,0.12346641803593783,0.45993617473938014,0,11,0.02
Diseases of the digestive system,11,0.1602989032180306,05-10-2023-18-47-26,0.0,0.0,0.0,0.16758943447496177,0.5945436493865685,1,11,0.1
Diseases of the digestive system,11,0.1602989032180306,05-09-2023-22-30-43,0.0,0.0,0.0,0.14742054551048905,0.5182114743635203,2,11,0.5
Diseases of the digestive system,11,0.1602989032180306,05-10-2023-02-54-57,0.0,0.0,0.0,0.1832339475256203,0.6209219204311751,4,11,0.5
Diseases of the digestive system,11,0.1602989032180306,05-10-2023-20-24-49,0.0,0.0,0.0,0.12627248565336643,0.4628295865541451,4,11,0.1
Diseases of the digestive system,11,0.1602989032180306,05-09-2023-10-31-52,0.0,0.0,0.0,0.2326470302363327,0.7017105169846111,3,11,1.0
Diseases of the digestive system,11,0.1602989032180306,05-10-2023-19-53-23,0.0,0.0,0.0,0.12356649864575978,0.4511594922345933,3,11,0.1
Diseases of the digestive system,11,0.1602989032180306,05-10-2023-21-27-21,0.0,0.0,0.0,0.12838545197740722,0.4724572725338628,2,11,0.02
Diseases of the digestive system,11,0.1602989032180306,05-08-2023-22-49-54,0.0,0.0,0.0,0.17553712583047332,0.6007772498404368,0,11,1.0
Diseases of the digestive system,11,0.1602989032180306,05-10-2023-00-38-56,0.0,0.0,0.0,0.22341420805453482,0.6621033969222041,3,11,0.5
Diseases of the digestive system,11,0.1602989032180306,05-10-2023-18-15-27,0.0,0.0,0.0,0.12487464624440334,0.4562314729451812,0,11,0.1
Diseases of the digestive system,11,0.1602989032180306,05-09-2023-03-01-39,0.0,0.0,0.0,0.1953230202274402,0.6502999787249131,1,11,1.0
Diseases of the digestive system,11,0.1602989032180306,05-09-2023-17-41-17,0.0,0.0,0.0,0.1621922651713709,0.5580824055031558,0,11,0.5
Diseases of the skin and subcutaneous tissue,12,0.0453175846691575,05-10-2023-03-44-12,0.0,0.0,0.0,0.05603965509732442,0.5702933985330074,4,12,0.5
Diseases of the skin and subcutaneous tissue,12,0.0453175846691575,05-09-2023-21-06-05,0.0,0.0,0.0,0.05137170143920732,0.5030483982195474,1,12,0.5
Diseases of the skin and subcutaneous tissue,12,0.0453175846691575,05-10-2023-18-28-02,0.0,0.0,0.0,0.0470654990956447,0.4750250767976929,0,12,0.1
Diseases of the skin and subcutaneous tissue,12,0.0453175846691575,05-10-2023-20-06-46,0.0,0.0,0.0,0.04527633490525339,0.4430678327377594,3,12,0.1
Diseases of the skin and subcutaneous tissue,12,0.0453175846691575,05-10-2023-19-31-02,0.0,0.0,0.0,0.04019482630571326,0.4335856686101185,2,12,0.1
Diseases of the skin and subcutaneous tissue,12,0.0453175846691575,05-10-2023-20-59-08,0.0,0.0,0.0,0.045006670226778026,0.46990784276847847,0,12,0.02
Diseases of the skin and subcutaneous tissue,12,0.0453175846691575,05-10-2023-09-01-34,0.0,0.0,0.0,0.07024702408939543,0.5234311328443358,4,12,1.0
Diseases of the skin and subcutaneous tissue,12,0.0453175846691575,05-10-2023-22-07-41,0.0,0.0,0.0,0.044176138497028644,0.4707306751927779,4,12,0.02
Diseases of the skin and subcutaneous tissue,12,0.0453175846691575,05-09-2023-12-10-13,0.0,0.0,0.0,0.07719734475368417,0.5799714751426244,3,12,1.0
Diseases of the skin and subcutaneous tissue,12,0.0453175846691575,05-09-2023-08-14-03,0.0,0.0,0.0,0.06671184381220943,0.5437433389756129,2,12,1.0
Diseases of the skin and subcutaneous tissue,12,0.0453175846691575,05-09-2023-18-38-18,0.0,0.0,0.0,0.053478600977419924,0.4962854993417341,0,12,0.5
Diseases of the skin and subcutaneous tissue,12,0.0453175846691575,05-10-2023-01-27-31,0.0,0.0,0.0,0.06824964161885948,0.5836272020562974,3,12,0.5
Diseases of the skin and subcutaneous tissue,12,0.0453175846691575,05-10-2023-21-15-42,0.0,0.0,0.0,0.03838934593186073,0.4002727101749106,1,12,0.02
Diseases of the skin and subcutaneous tissue,12,0.0453175846691575,05-09-2023-23-14-43,0.0,0.0,0.0,0.06927540594454851,0.6036768854617266,2,12,0.5
Diseases of the skin and subcutaneous tissue,12,0.0453175846691575,05-09-2023-00-25-41,0.0,0.0,0.0,0.06234136308462529,0.5496128769356153,0,12,1.0
Diseases of the skin and subcutaneous tissue,12,0.0453175846691575,05-10-2023-19-01-31,0.0,0.0,0.0,0.04802264822306271,0.4393219860823772,1,12,0.1
Diseases of the skin and subcutaneous tissue,12,0.0453175846691575,05-09-2023-04-31-36,0.0,0.0,0.0,0.056487924034881565,0.5344649238292271,1,12,1.0
Diseases of the skin and subcutaneous tissue,12,0.0453175846691575,05-10-2023-21-49-54,0.0,0.0,0.0,0.047201668008083675,0.4989655820951665,3,12,0.02
Diseases of the skin and subcutaneous tissue,12,0.0453175846691575,05-10-2023-20-35-30,0.0,0.0,0.0,0.05060868566436426,0.4789276534386559,4,12,0.1
Diseases of the musculoskeletal system and connective tissue,13,0.1161865734602868,05-10-2023-18-19-31,0.0,0.0,0.0,0.18425844902257704,0.48423353376183564,0,13,0.1
Diseases of the musculoskeletal system and connective tissue,13,0.1161865734602868,05-09-2023-20-28-16,0.0,0.0,0.0,0.2247343491556077,0.5268159513442532,1,13,0.5
Diseases of the musculoskeletal system and connective tissue,13,0.1161865734602868,05-10-2023-20-27-30,0.0,0.0,0.0,0.19144054801580834,0.488466721957288,4,13,0.1
Diseases of the musculoskeletal system and connective tissue,13,0.1161865734602868,05-08-2023-23-25-12,0.0,0.0,0.0,0.2156557589566035,0.5105376149008224,0,13,1.0
Diseases of the musculoskeletal system and connective tissue,13,0.1161865734602868,05-09-2023-03-35-01,0.0,0.0,0.0,0.21073583519734204,0.5143561234363122,1,13,1.0
Diseases of the musculoskeletal system and connective tissue,13,0.1161865734602868,05-10-2023-20-55-10,0.0,0.0,0.0,0.18936146671300613,0.4833890559126408,0,13,0.02
Diseases of the musculoskeletal system and connective tissue,13,0.1161865734602868,05-10-2023-00-55-32,0.0,0.0,0.0,0.20525541275277345,0.5090236021839796,3,13,0.5
Diseases of the musculoskeletal system and connective tissue,13,0.1161865734602868,05-09-2023-18-04-04,0.0,0.0,0.0,0.20370478460071065,0.5013433893150874,0,13,0.5
Diseases of the musculoskeletal system and connective tissue,13,0.1161865734602868,05-09-2023-22-47-39,0.0,0.0,0.0,0.21142619107070554,0.5069987991568181,2,13,0.5
Diseases of the musculoskeletal system and connective tissue,13,0.1161865734602868,05-10-2023-18-53-16,0.0,0.0,0.0,0.18514362800078643,0.48168714147487735,1,13,0.1
Diseases of the musculoskeletal system and connective tissue,13,0.1161865734602868,05-10-2023-19-58-47,0.0,0.0,0.0,0.21212254542894454,0.5057407215426083,3,13,0.1
Diseases of the musculoskeletal system and connective tissue,13,0.1161865734602868,05-10-2023-22-03-39,0.0,0.0,0.0,0.18508757257468714,0.4833868961227452,4,13,0.02
Diseases of the musculoskeletal system and connective tissue,13,0.1161865734602868,05-10-2023-21-46-36,0.0,0.0,0.0,0.19700038163467645,0.48608339380745047,3,13,0.02
Diseases of the musculoskeletal system and connective tissue,13,0.1161865734602868,05-09-2023-07-22-35,0.0,0.0,0.0,0.2175605429031735,0.5165785472389246,2,13,1.0
Diseases of the musculoskeletal system and connective tissue,13,0.1161865734602868,05-10-2023-03-12-22,0.0,0.0,0.0,0.2075980994610764,0.5073476052249637,4,13,0.5
Diseases of the musculoskeletal system and connective tissue,13,0.1161865734602868,05-10-2023-21-11-51,0.0,0.0,0.0,0.18305935677379964,0.46296176307968756,1,13,0.02
Diseases of the musculoskeletal system and connective tissue,13,0.1161865734602868,05-09-2023-15-31-43,0.0,0.0,0.0,0.20816468505736077,0.506544163383786,4,13,1.0
Diseases of the musculoskeletal system and connective tissue,13,0.1161865734602868,05-10-2023-21-30-04,0.0,0.0,0.0,0.18861922772146414,0.487838223097657,2,13,0.02
Diseases of the musculoskeletal system and connective tissue,13,0.1161865734602868,05-09-2023-11-09-17,0.0,0.0,0.0,0.2727395995227647,0.6271965063238648,3,13,1.0
Diseases of the musculoskeletal system and connective tissue,13,0.1161865734602868,05-10-2023-19-24-07,0.0,0.0,0.0,0.2083552640645101,0.5064296945193172,2,13,0.1
Diseases of the genitourinary system,14,0.1560805110280824,05-10-2023-21-28-23,0.0,0.0,0.0,0.13046379747429704,0.5687861932337702,2,14,0.02
Diseases of the genitourinary system,14,0.1560805110280824,05-10-2023-02-59-31,0.0,0.0,0.0,0.145530396242089,0.5921670222493143,4,14,0.5
Diseases of the genitourinary system,14,0.1560805110280824,05-10-2023-19-55-31,0.0,0.0,0.0,0.1600259409852758,0.5893439500152393,3,14,0.1
Diseases of the genitourinary system,14,0.1560805110280824,05-10-2023-00-42-15,0.0,0.0,0.0,0.1416395798495635,0.5988532459615971,3,14,0.5
Diseases of the genitourinary system,14,0.1560805110280824,05-10-2023-21-45-16,0.0,0.0,0.0,0.08151321900681144,0.384673117951844,3,14,0.02
Diseases of the genitourinary system,14,0.1560805110280824,05-10-2023-18-49-20,0.0,0.0,0.0,0.13167437847198998,0.5882848217007011,1,14,0.1
Diseases of the genitourinary system,14,0.1560805110280824,05-10-2023-22-02-05,0.023529411764705882,0.3076923076923077,0.04371584699453551,0.13786292995557758,0.5707158640658336,4,14,0.02
Diseases of the genitourinary system,14,0.1560805110280824,05-09-2023-15-10-16,0.0,0.0,0.0,0.17273870517821288,0.6014229655592808,4,14,1.0
Diseases of the genitourinary system,14,0.1560805110280824,05-10-2023-18-16-17,0.0,0.0,0.0,0.1266600840231275,0.5565109722645536,0,14,0.1
Diseases of the genitourinary system,14,0.1560805110280824,05-09-2023-22-35-23,0.0,0.0,0.0,0.1821299848034593,0.6552461139896373,2,14,0.5
Diseases of the genitourinary system,14,0.1560805110280824,05-10-2023-20-53-40,0.0,0.0,0.0,0.16056426598765225,0.5901859189271563,0,14,0.02
Diseases of the genitourinary system,14,0.1560805110280824,05-09-2023-07-02-33,0.0,0.0,0.0,0.17826388594102716,0.6826615361170376,2,14,1.0
Diseases of the genitourinary system,14,0.1560805110280824,05-10-2023-21-10-30,0.0,0.0,0.0,0.07766812575785884,0.37534097836025604,1,14,0.02
Diseases of the genitourinary system,14,0.1560805110280824,05-10-2023-20-25-54,0.0,0.0,0.0,0.14018999674976623,0.577198262724779,4,14,0.1
Diseases of the genitourinary system,14,0.1560805110280824,05-08-2023-23-03-57,0.0,0.0,0.0,0.1815106104805801,0.6086597074062786,0,14,1.0
Diseases of the genitourinary system,14,0.1560805110280824,05-09-2023-20-13-36,0.0,0.0,0.0,0.17241679123754816,0.6659135934166414,1,14,0.5
Diseases of the genitourinary system,14,0.1560805110280824,05-09-2023-17-47-17,0.0,0.0,0.0,0.15585010621057047,0.6219826272477903,0,14,0.5
Diseases of the genitourinary system,14,0.1560805110280824,05-10-2023-19-21-43,0.0,0.0,0.0,0.14951684384851088,0.6168317586101798,2,14,0.1
Diseases of the genitourinary system,14,0.1560805110280824,05-09-2023-03-11-45,0.0,0.0,0.0,0.19559184391426948,0.6156221426394393,1,14,1.0
Diseases of the genitourinary system,14,0.1560805110280824,05-09-2023-10-46-10,0.0,0.0,0.0,0.17565218407017588,0.6601302956415728,3,14,1.0
"Pregnancy, childbirth and the puerperium",15,0.0552006749427503,05-10-2023-22-06-52,0.0,0.0,0.0,0.00848601079592985,0.38208382526564344,4,15,0.02
"Pregnancy, childbirth and the puerperium",15,0.0552006749427503,05-09-2023-18-32-18,0.0,0.0,0.0,0.028388096820311307,0.7194510035419126,0,15,0.5
"Pregnancy, childbirth and the puerperium",15,0.0552006749427503,05-09-2023-00-11-43,0.0,0.0,0.0,0.028629156919665878,0.7279515938606849,0,15,1.0
"Pregnancy, childbirth and the puerperium",15,0.0552006749427503,05-09-2023-08-01-38,0.0,0.0,0.0,0.03503376164697069,0.7091794569067297,2,15,1.0
"Pregnancy, childbirth and the puerperium",15,0.0552006749427503,05-09-2023-11-55-50,0.0,0.0,0.0,0.02839278869151302,0.7451298701298703,3,15,1.0
"Pregnancy, childbirth and the puerperium",15,0.0552006749427503,05-09-2023-16-09-52,0.0,0.0,0.0,0.028259620745139515,0.7445985832349469,4,15,1.0
"Pregnancy, childbirth and the puerperium",15,0.0552006749427503,05-10-2023-21-49-18,0.0,0.0,0.0,0.030287851916869727,0.7457201889020072,3,15,0.02
"Pregnancy, childbirth and the puerperium",15,0.0552006749427503,05-10-2023-20-33-34,0.0,0.0,0.0,0.026290145636135277,0.7291027154663519,4,15,0.1
"Pregnancy, childbirth and the puerperium",15,0.0552006749427503,05-10-2023-03-37-24,0.0,0.0,0.0,0.028461352839867445,0.7467237308146399,4,15,0.5
"Pregnancy, childbirth and the puerperium",15,0.0552006749427503,05-10-2023-01-20-00,0.05,0.058823529411764705,0.05405405405405405,0.05434798585759828,0.720365997638725,3,15,0.5
"Pregnancy, childbirth and the puerperium",15,0.0552006749427503,05-10-2023-18-27-12,0.0,0.0,0.0,0.025999950130845103,0.7179161747343565,0,15,0.1
"Pregnancy, childbirth and the puerperium",15,0.0552006749427503,05-09-2023-21-00-47,0.35,0.1891891891891892,0.24561403508771934,0.24695096895837032,0.8004427390791027,1,15,0.5
"Pregnancy, childbirth and the puerperium",15,0.0552006749427503,05-10-2023-19-29-15,0.0,0.0,0.0,0.021704000536255236,0.6426210153482881,2,15,0.1
"Pregnancy, childbirth and the puerperium",15,0.0552006749427503,05-10-2023-20-58-09,0.0,0.0,0.0,0.009078752598090736,0.25312868949232586,0,15,0.02
"Pregnancy, childbirth and the puerperium",15,0.0552006749427503,05-10-2023-20-05-37,0.0,0.0,0.0,0.03296660204086067,0.6681227863046044,3,15,0.1
"Pregnancy, childbirth and the puerperium",15,0.0552006749427503,05-09-2023-23-08-13,0.0,0.0,0.0,0.0336332743171239,0.7429752066115702,2,15,0.5
"Pregnancy, childbirth and the puerperium",15,0.0552006749427503,05-10-2023-21-14-54,0.0,0.0,0.0,0.014613092119678739,0.6141676505312869,1,15,0.02
"Pregnancy, childbirth and the puerperium",15,0.0552006749427503,05-10-2023-18-59-15,0.0,0.0,0.0,0.024393563310411363,0.7081168831168831,1,15,0.1
"Pregnancy, childbirth and the puerperium",15,0.0552006749427503,05-09-2023-04-20-01,0.0,0.0,0.0,0.028662209037217227,0.740909090909091,1,15,1.0
"Pregnancy, childbirth and the puerperium",15,0.0552006749427503,05-10-2023-21-33-49,0.0,0.0,0.0,0.007388079203905235,0.25526859504132227,2,15,0.02
"Congenital malformations, deformations and chromosomal abnormalities",17,0.0161504158129444,05-10-2023-21-37-41,0.0,0.0,0.0,0.0076210085931966666,0.3712823910482921,2,17,0.02
"Congenital malformations, deformations and chromosomal abnormalities",17,0.0161504158129444,05-09-2023-05-24-35,0.0,0.0,0.0,0.011004179415038107,0.550426972909305,1,17,1.0
"Congenital malformations, deformations and chromosomal abnormalities",17,0.0161504158129444,05-10-2023-19-07-49,0.0,0.0,0.0,0.007602066537988815,0.438236160188457,1,17,0.1
"Congenital malformations, deformations and chromosomal abnormalities",17,0.0161504158129444,05-10-2023-01-56-22,0.0,0.0,0.0,0.010320749048998478,0.5340842167255595,3,17,0.5
"Congenital malformations, deformations and chromosomal abnormalities",17,0.0161504158129444,05-09-2023-23-40-31,0.0,0.0,0.0,0.009848383619520566,0.5243300942285042,2,17,0.5
"Congenital malformations, deformations and chromosomal abnormalities",17,0.0161504158129444,05-10-2023-21-53-22,0.0,0.0,0.0,0.01041883589195101,0.5541445818610129,3,17,0.02
"Congenital malformations, deformations and chromosomal abnormalities",17,0.0161504158129444,05-09-2023-09-02-39,0.0,0.0,0.0,0.010532000922393996,0.5422187868080094,2,17,1.0
"Congenital malformations, deformations and chromosomal abnormalities",17,0.0161504158129444,05-10-2023-18-33-01,0.0,0.0,0.0,0.008314130102874486,0.47912985865724383,0,17,0.1
"Congenital malformations, deformations and chromosomal abnormalities",17,0.0161504158129444,05-10-2023-19-37-36,0.0,0.0,0.0,0.006637322198066885,0.36675500588928145,2,17,0.1
"Congenital malformations, deformations and chromosomal abnormalities",17,0.0161504158129444,05-10-2023-21-19-12,0.0,0.0,0.0,0.007576714820678678,0.4289237338044758,1,17,0.02
"Congenital malformations, deformations and chromosomal abnormalities",17,0.0161504158129444,05-09-2023-01-16-28,0.0,0.0,0.0,0.00974662294524456,0.522121613663133,0,17,1.0
"Congenital malformations, deformations and chromosomal abnormalities",17,0.0161504158129444,05-09-2023-13-02-01,0.0,0.0,0.0,0.009944286783769126,0.5023925206124852,3,17,1.0
"Congenital malformations, deformations and chromosomal abnormalities",17,0.0161504158129444,05-10-2023-04-13-48,0.0,0.0,0.0,0.010989220976832921,0.5496171967020023,4,17,0.5
"Congenital malformations, deformations and chromosomal abnormalities",17,0.0161504158129444,05-10-2023-08-02-14,0.0,0.0,0.0,0.011640613972500408,0.5632729681978799,4,17,1.0
"Congenital malformations, deformations and chromosomal abnormalities",17,0.0161504158129444,05-09-2023-21-37-02,0.0,0.0,0.0,0.010568189664281432,0.5417402826855124,1,17,0.5
"Congenital malformations, deformations and chromosomal abnormalities",17,0.0161504158129444,05-09-2023-19-11-55,0.0,0.0,0.0,0.010469920065611923,0.542329210836278,0,17,0.5
"Congenital malformations, deformations and chromosomal abnormalities",17,0.0161504158129444,05-10-2023-22-11-22,0.0,0.0,0.0,0.006519599518903876,0.3579946996466431,4,17,0.02
"Congenital malformations, deformations and chromosomal abnormalities",17,0.0161504158129444,05-10-2023-21-02-34,0.0,0.0,0.0,0.006494175151848358,0.3557494110718492,0,17,0.02
"Congenital malformations, deformations and chromosomal abnormalities",17,0.0161504158129444,05-10-2023-20-13-19,0.0,0.0,0.0,0.010452256523771596,0.522029593639576,3,17,0.1
"Congenital malformations, deformations and chromosomal abnormalities",17,0.0161504158129444,05-10-2023-20-43-28,0.0,0.0,0.0,0.008535185966763557,0.4893624852767962,4,17,0.1
"Symptoms, signs and abnormal clinical and laboratory findings, not elsewhere classified",18,0.268651319754128,05-10-2023-20-21-20,0.035422343324250684,0.22033898305084745,0.061032863849765265,0.2738685643532718,0.5876961417945621,4,18,0.1
"Symptoms, signs and abnormal clinical and laboratory findings, not elsewhere classified",18,0.268651319754128,05-10-2023-18-41-11,0.0326975476839237,0.2608695652173913,0.058111380145278446,0.2841721907819338,0.6186135705746345,1,18,0.1
"Symptoms, signs and abnormal clinical and laboratory findings, not elsewhere classified",18,0.268651319754128,05-09-2023-06-11-10,0.02452316076294278,0.21428571428571427,0.044009779951100246,0.323971109029362,0.6655055436543819,2,18,1.0
"Symptoms, signs and abnormal clinical and laboratory findings, not elsewhere classified",18,0.268651319754128,05-10-2023-19-47-32,0.02997275204359673,0.2391304347826087,0.05326876513317191,0.280558418154376,0.6074554616273118,3,18,0.1
"Symptoms, signs and abnormal clinical and laboratory findings, not elsewhere classified",18,0.268651319754128,05-10-2023-19-16-18,0.008174386920980926,0.14285714285714285,0.015463917525773193,0.25411158877400253,0.5617023600735513,2,18,0.1
"Symptoms, signs and abnormal clinical and laboratory findings, not elsewhere classified",18,0.268651319754128,05-09-2023-22-09-31,0.0,0.0,0.0,0.3282602040995021,0.6450483362968267,2,18,0.5
"Symptoms, signs and abnormal clinical and laboratory findings, not elsewhere classified",18,0.268651319754128,05-09-2023-02-13-49,0.05722070844686648,0.3387096774193548,0.09790209790209789,0.33406192388213174,0.6813991734584272,1,18,1.0
"Symptoms, signs and abnormal clinical and laboratory findings, not elsewhere classified",18,0.268651319754128,05-10-2023-00-11-43,0.17166212534059946,0.4090909090909091,0.24184261036468332,0.3707420111572139,0.7197910787722843,3,18,0.5
"Symptoms, signs and abnormal clinical and laboratory findings, not elsewhere classified",18,0.268651319754128,05-08-2023-22-08-47,0.0,0.0,0.0,0.3301269337371652,0.6652971888281356,0,18,1.0
"Symptoms, signs and abnormal clinical and laboratory findings, not elsewhere classified",18,0.268651319754128,05-09-2023-09-51-12,0.0,0.0,0.0,0.36214189931455393,0.7050059775583646,3,18,1.0
"Symptoms, signs and abnormal clinical and laboratory findings, not elsewhere classified",18,0.268651319754128,05-10-2023-21-24-03,0.005449591280653951,0.18181818181818182,0.010582010582010581,0.24253688287382033,0.5462901715185021,2,18,0.02
"Symptoms, signs and abnormal clinical and laboratory findings, not elsewhere classified",18,0.268651319754128,05-10-2023-02-31-40,0.05994550408719346,0.4583333333333333,0.10602409638554217,0.34462851670837114,0.6786662863685372,4,18,0.5
"Symptoms, signs and abnormal clinical and laboratory findings, not elsewhere classified",18,0.268651319754128,05-10-2023-21-41-45,0.0,0.0,0.0,0.19975876635674644,0.43938088273669007,3,18,0.02
"Symptoms, signs and abnormal clinical and laboratory findings, not elsewhere classified",18,0.268651319754128,05-10-2023-21-58-23,0.2779291553133515,0.3655913978494624,0.3157894736842105,0.27217518961315235,0.5699839587012414,4,18,0.02
"Symptoms, signs and abnormal clinical and laboratory findings, not elsewhere classified",18,0.268651319754128,05-10-2023-20-50-14,0.008174386920980926,0.3,0.015915119363395226,0.24619434524876088,0.5363215056569347,0,18,0.02
"Symptoms, signs and abnormal clinical and laboratory findings, not elsewhere classified",18,0.268651319754128,05-10-2023-18-10-12,0.0,0.0,0.0,0.32460751610391314,0.6622386208933365,0,18,0.1
"Symptoms, signs and abnormal clinical and laboratory findings, not elsewhere classified",18,0.268651319754128,05-09-2023-17-16-16,0.005449591280653951,0.2,0.010610079575596816,0.35476368726228996,0.7085399181549876,0,18,0.5
"Symptoms, signs and abnormal clinical and laboratory findings, not elsewhere classified",18,0.268651319754128,05-09-2023-14-03-12,0.01634877384196185,0.3333333333333333,0.031168831168831162,0.33166806139207206,0.6695694741973788,4,18,1.0
"Symptoms, signs and abnormal clinical and laboratory findings, not elsewhere classified",18,0.268651319754128,05-10-2023-21-07-10,0.0,0.0,0.0,0.20442017023332298,0.4475724639879922,1,18,0.02
"Symptoms, signs and abnormal clinical and laboratory findings, not elsewhere classified",18,0.268651319754128,05-09-2023-19-47-00,0.04904632152588556,0.4864864864864865,0.08910891089108912,0.3302503672639633,0.6557128668208088,1,18,0.5
"Injury, poisoning and certain other consequences of external causes",19,0.1040134988550078,05-09-2023-03-49-53,0.0,0.0,0.0,0.15373645626806576,0.5711324603540172,1,19,1.0
"Injury, poisoning and certain other consequences of external causes",19,0.1040134988550078,05-10-2023-21-12-26,0.0,0.0,0.0,0.10276071939582629,0.4441666118312825,1,19,0.02
"Injury, poisoning and certain other consequences of external causes",19,0.1040134988550078,05-10-2023-03-17-36,0.0,0.0,0.0,0.15605469920815648,0.5925047126174284,4,19,0.5
"Injury, poisoning and certain other consequences of external causes",19,0.1040134988550078,05-09-2023-11-23-46,0.0,0.0,0.0,0.1493279434416004,0.5702286441983518,3,19,1.0
"Injury, poisoning and certain other consequences of external causes",19,0.1040134988550078,05-10-2023-20-56-09,0.0,0.0,0.0,0.10961109307658695,0.5133308044544395,0,19,0.02
"Injury, poisoning and certain other consequences of external causes",19,0.1040134988550078,05-09-2023-20-35-56,0.0,0.0,0.0,0.16499928655828644,0.5857270591331881,1,19,0.5
"Injury, poisoning and certain other consequences of external causes",19,0.1040134988550078,05-09-2023-07-35-04,0.0,0.0,0.0,0.15924389921856807,0.5666907942357043,2,19,1.0
"Injury, poisoning and certain other consequences of external causes",19,0.1040134988550078,05-10-2023-20-29-36,0.0,0.0,0.0,0.12525828760765712,0.5358371814870582,4,19,0.1
"Injury, poisoning and certain other consequences of external causes",19,0.1040134988550078,05-10-2023-18-21-22,0.0,0.0,0.0,0.11795187614633171,0.5194001137995502,0,19,0.1
"Injury, poisoning and certain other consequences of external causes",19,0.1040134988550078,05-09-2023-22-54-13,0.0,0.0,0.0,0.1443779944142417,0.5555934027226735,2,19,0.5
"Injury, poisoning and certain other consequences of external causes",19,0.1040134988550078,05-10-2023-21-47-23,0.0,0.0,0.0,0.1437069312461751,0.5250146120170777,3,19,0.02
"Injury, poisoning and certain other consequences of external causes",19,0.1040134988550078,05-10-2023-22-04-22,0.0,0.0,0.0,0.11562761733647187,0.5252313730651174,4,19,0.02
"Injury, poisoning and certain other consequences of external causes",19,0.1040134988550078,05-08-2023-23-39-15,0.0,0.0,0.0,0.15529871969466075,0.5732555574049057,0,19,1.0
"Injury, poisoning and certain other consequences of external causes",19,0.1040134988550078,05-10-2023-18-54-37,0.0,0.0,0.0,0.12587285637799764,0.5359281437125749,1,19,0.1
"Injury, poisoning and certain other consequences of external causes",19,0.1040134988550078,05-09-2023-15-43-09,0.0,0.0,0.0,0.16128704994906318,0.5814828003979112,4,19,1.0
"Injury, poisoning and certain other consequences of external causes",19,0.1040134988550078,05-09-2023-18-09-20,0.0,0.0,0.0,0.14850341078032625,0.5649992839143949,0,19,0.5
"Injury, poisoning and certain other consequences of external causes",19,0.1040134988550078,05-10-2023-21-31-00,0.0,0.0,0.0,0.11639584475623367,0.5366074573541991,2,19,0.02
"Injury, poisoning and certain other consequences of external causes",19,0.1040134988550078,05-10-2023-19-25-07,0.0,0.0,0.0,0.15365358271185214,0.5679371702619325,2,19,0.1
"Injury, poisoning and certain other consequences of external causes",19,0.1040134988550078,05-10-2023-01-00-56,0.0,0.0,0.0,0.14435641180692751,0.5542599352039295,3,19,0.5
"Injury, poisoning and certain other consequences of external causes",19,0.1040134988550078,05-10-2023-19-59-53,0.0,0.0,0.0,0.12846319618761143,0.5095239385482428,3,19,0.1
External causes of morbidity,20,0.0437507532843196,05-10-2023-21-50-47,0.0,0.0,0.0,0.037922545147469344,0.36394034593579605,3,20,0.02
External causes of morbidity,20,0.0437507532843196,05-09-2023-00-37-01,0.0,0.0,0.0,0.08413608346202053,0.5750984003177698,0,20,1.0
External causes of morbidity,20,0.0437507532843196,05-10-2023-20-07-53,0.0,0.0,0.0,0.03613858350777515,0.3530711732206695,3,20,0.1
External causes of morbidity,20,0.0437507532843196,05-10-2023-22-08-34,0.0,0.0,0.0,0.044327381487860536,0.4688910555013902,4,20,0.02
External causes of morbidity,20,0.0437507532843196,05-10-2023-19-32-55,0.0,0.0,0.0,0.05127114801928702,0.4887227819304517,2,20,0.1
External causes of morbidity,20,0.0437507532843196,05-10-2023-01-35-01,0.0,0.0,0.0,0.10609936484577195,0.652634239699563,3,20,0.5
External causes of morbidity,20,0.0437507532843196,05-10-2023-20-59-50,0.0,0.0,0.0,0.05525268361134601,0.5078323041923952,0,20,0.02
External causes of morbidity,20,0.0437507532843196,05-09-2023-04-48-02,0.0,0.0,0.0,0.10191843445625923,0.6627306539558734,1,20,1.0
External causes of morbidity,20,0.0437507532843196,05-10-2023-03-52-35,0.0,0.0,0.0,0.07192091724963366,0.55393059617954,4,20,0.5
External causes of morbidity,20,0.0437507532843196,05-09-2023-21-11-24,0.0,0.0,0.0,0.08721846541369566,0.6152385079261907,1,20,0.5
External causes of morbidity,20,0.0437507532843196,05-10-2023-18-29-04,0.0,0.0,0.0,0.046516650619866595,0.4744592496298704,0,20,0.1
External causes of morbidity,20,0.0437507532843196,05-09-2023-23-21-08,0.0,0.0,0.0,0.12154320806068915,0.7008052576463366,2,20,0.5
External causes of morbidity,20,0.0437507532843196,05-09-2023-12-24-36,0.0,0.0,0.0,0.100074225333776,0.5917740945365255,3,20,1.0
External causes of morbidity,20,0.0437507532843196,05-10-2023-19-03-42,0.0,0.0,0.0,0.04120962078131318,0.44072509298378654,1,20,0.1
External causes of morbidity,20,0.0437507532843196,05-10-2023-20-37-26,0.0,0.0,0.0,0.04602874640542198,0.47061712346080237,4,20,0.1
External causes of morbidity,20,0.0437507532843196,05-10-2023-08-18-24,0.0,0.0,0.0,0.09598505634990037,0.6135918824251616,4,20,1.0
External causes of morbidity,20,0.0437507532843196,05-10-2023-21-34-52,0.0,0.0,0.0,0.0541767185946509,0.5136966020293937,2,20,0.02
External causes of morbidity,20,0.0437507532843196,05-09-2023-08-26-34,0.0,0.0,0.0,0.09609426300643421,0.6464016177373343,2,20,1.0
External causes of morbidity,20,0.0437507532843196,05-09-2023-18-46-47,0.0,0.0,0.0,0.07397153441988896,0.5589282490159968,0,20,0.5
External causes of morbidity,20,0.0437507532843196,05-10-2023-21-16-23,0.0,0.0,0.0,0.031957402520997095,0.2895822048893222,1,20,0.02
Factors influencing health status and contact with health services,21,0.5397131493310835,05-09-2023-09-30-16,0.7956469165659008,0.5938628158844765,0.6801033591731266,0.6122610707769911,0.6881162676249304,3,21,1.0
Factors influencing health status and contact with health services,21,0.5397131493310835,05-09-2023-01-46-54,0.8004836759371221,0.592128801431127,0.680719794344473,0.6151636039470088,0.6884441257502907,1,21,1.0
Factors influencing health status and contact with health services,21,0.5397131493310835,05-09-2023-21-54-14,0.6711003627569528,0.5848261327713382,0.625,0.6251264923615273,0.6774135061188824,2,21,0.5
Factors influencing health status and contact with health services,21,0.5397131493310835,05-10-2023-19-12-41,0.7025392986698912,0.5821643286573146,0.6367123287671234,0.5790802864721514,0.6315351803356013,2,21,0.1
Factors influencing health status and contact with health services,21,0.5397131493310835,05-09-2023-19-28-37,0.992744860943168,0.4866627148784825,0.6531424025457438,0.6113033773368364,0.6816708904244979,1,21,0.5
Factors influencing health status and contact with health services,21,0.5397131493310835,05-08-2023-21-33-27,0.8500604594921403,0.5757575757575758,0.6865234375,0.6022616033281161,0.6745670705024477,0,21,1.0
Factors influencing health status and contact with health services,21,0.5397131493310835,05-10-2023-02-15-50,0.7496977025392987,0.6025267249757046,0.6681034482758621,0.6153449412695231,0.6901174972633048,4,21,0.5
Factors influencing health status and contact with health services,21,0.5397131493310835,05-10-2023-19-42-04,0.8730350665054414,0.527007299270073,0.6572598998634501,0.5720976483998076,0.6210150923796501,3,21,0.1
Factors influencing health status and contact with health services,21,0.5397131493310835,05-10-2023-20-48-13,0.992744860943168,0.48237367802585196,0.649268485567418,0.5204371752358987,0.49235429398717745,0,21,0.02
Factors influencing health status and contact with health services,21,0.5397131493310835,05-09-2023-13-31-48,0.8706166868198307,0.576,0.693307655272027,0.6244591910946958,0.6952078184279441,4,21,1.0
Factors influencing health status and contact with health services,21,0.5397131493310835,05-09-2023-05-50-29,0.7593712212817413,0.6120857699805068,0.6778197517539125,0.6177340217560288,0.6935180880895483,2,21,1.0
Factors influencing health status and contact with health services,21,0.5397131493310835,05-10-2023-18-37-25,0.8778718258766627,0.5663026521060842,0.6884779516358464,0.6074417512339805,0.6650080635376778,1,21,0.1
Factors influencing health status and contact with health services,21,0.5397131493310835,05-09-2023-23-56-59,0.7593712212817413,0.6292585170340681,0.6882191780821919,0.6558197599271742,0.730504029042368,3,21,0.5
Factors influencing health status and contact with health services,21,0.5397131493310835,05-09-2023-16-59-45,0.8597339782345829,0.5799347471451876,0.6926449098879688,0.6178997137382023,0.6821889198949219,0,21,0.5
Factors influencing health status and contact with health services,21,0.5397131493310835,05-10-2023-21-39-44,0.5634824667472793,0.5567502986857825,0.5600961538461537,0.5673321590986383,0.6125834811307767,3,21,0.02
Factors influencing health status and contact with health services,21,0.5397131493310835,05-10-2023-21-21-49,0.8972188633615478,0.47717041800643084,0.6230058774139379,0.4920857679258117,0.49304136465321335,2,21,0.02
Factors influencing health status and contact with health services,21,0.5397131493310835,05-10-2023-21-05-00,0.3192261185006046,0.5919282511210763,0.41476826394344074,0.5757663609657193,0.613604544481691,1,21,0.02
Factors influencing health status and contact with health services,21,0.5397131493310835,05-10-2023-18-04-55,0.9540507859733979,0.5360054347826086,0.6863853849499783,0.5869886387095592,0.6492006668947814,0,21,0.1
Factors influencing health status and contact with health services,21,0.5397131493310835,05-10-2023-21-56-15,1.0,0.4824970828471412,0.6509248327430146,0.5478224342097445,0.5659690082053142,4,21,0.02
Factors influencing health status and contact with health services,21,0.5397131493310835,05-10-2023-20-18-30,1.0,0.4824970828471412,0.6509248327430146,0.5778524300529677,0.640975585816353,4,21,0.1
Codes for special purposes,22,0.0408581414969266,05-10-2023-19-05-36,0.0,0.0,0.0,0.022618354375712676,0.3026702942361951,1,22,0.1
Codes for special purposes,22,0.0408581414969266,05-09-2023-21-28-30,0.0,0.0,0.0,0.05531286132922349,0.6116989117291416,1,22,0.5
Codes for special purposes,22,0.0408581414969266,05-09-2023-19-03-32,0.0,0.0,0.0,0.05024309074168727,0.5856106408706166,0,22,0.5
Codes for special purposes,22,0.0408581414969266,05-10-2023-21-36-45,0.0,0.0,0.0,0.030122297498133332,0.4612454655380894,2,22,0.02
Codes for special purposes,22,0.0408581414969266,05-10-2023-22-10-25,0.0,0.0,0.0,0.03047053765339266,0.46807738814993954,4,22,0.02
Codes for special purposes,22,0.0408581414969266,05-10-2023-08-26-39,0.0,0.0,0.0,0.057859135908759116,0.6610540104796453,4,22,1.0
Codes for special purposes,22,0.0408581414969266,05-10-2023-19-35-50,0.0,0.0,0.0,0.03886580744978774,0.4862152357920193,2,22,0.1
Codes for special purposes,22,0.0408581414969266,05-10-2023-20-11-11,0.0,0.0,0.0,0.03386596941585333,0.45016122531237396,3,22,0.1
Codes for special purposes,22,0.0408581414969266,05-10-2023-04-05-25,0.0,0.0,0.0,0.05191748175488288,0.5936114469971786,4,22,0.5
Codes for special purposes,22,0.0408581414969266,05-10-2023-18-30-46,0.0,0.0,0.0,0.030660660879918995,0.46586054010479644,0,22,0.1
Codes for special purposes,22,0.0408581414969266,05-10-2023-21-52-23,0.0,0.0,0.0,0.02764088001426245,0.41740225715437324,3,22,0.02
Codes for special purposes,22,0.0408581414969266,05-10-2023-20-41-31,0.0,0.0,0.0,0.03361279910156721,0.49086054010479646,4,22,0.1
Codes for special purposes,22,0.0408581414969266,05-09-2023-05-14-32,0.0,0.0,0.0,0.04678924490620315,0.5998891575977429,1,22,1.0
Codes for special purposes,22,0.0408581414969266,05-10-2023-21-18-14,0.0,0.0,0.0,0.02278375914061249,0.3086557839580814,1,22,0.02
Codes for special purposes,22,0.0408581414969266,05-09-2023-01-02-21,0.0,0.0,0.0,0.05537251804957628,0.6198710197501007,0,22,1.0
Codes for special purposes,22,0.0408581414969266,05-09-2023-23-34-06,0.0,0.0,0.0,0.0481481287388897,0.6211406690850463,2,22,0.5
Codes for special purposes,22,0.0408581414969266,05-09-2023-08-50-12,0.0,0.0,0.0,0.041440473156186,0.5568722289399436,2,22,1.0
Codes for special purposes,22,0.0408581414969266,05-10-2023-21-01-34,0.0,0.0,0.0,0.028749294131553173,0.444397420395002,0,22,0.02
Codes for special purposes,22,0.0408581414969266,05-09-2023-12-47-40,0.0,0.0,0.0,0.0626266251161735,0.7021765417170495,3,22,1.0
Codes for special purposes,22,0.0408581414969266,05-10-2023-01-48-51,0.0,0.0,0.0,0.08093936828970162,0.7329201934703748,3,22,0.5
